,species,1982,1985,1990,1995,2000,2005,2010,2015
1,Cedrela odorata,0,0,0,0,1,1,1,1
2,Clidemia septuplinervia_1,1,2,0,0,0,0,0,0
3,Clidemia septuplinervia_2,0,0,0,0,1,3,0,0
4,Clidemia septuplinervia_3,0,0,0,0,0,0,0,1
5,Cojoba rufescens,0,0,0,0,0,1,1,1
6,Cupania latifolia,0,2,2,3,3,5,4,4
7,Hamelia patens,0,2,2,1,1,1,0,0
8,Inga pezizifera_1,7,3,0,0,0,0,0,0
9,Inga pezizifera_2,0,0,0,0,1,2,2,2
10,Nectandra cissiflora_1,4,3,4,4,0,0,0,0
11,Nectandra cissiflora_2,0,0,0,0,0,3,4,6
12,Pachira quinata_1,1,0,0,0,0,0,0,0
13,Pachira quinata_2,0,0,0,1,1,1,1,1
14,Psychotria hoffmannseggiana_1,5,0,0,0,0,0,0,0
15,Psychotria hoffmannseggiana_2,0,0,2,0,0,0,0,0
16,Psychotria hoffmannseggiana_3,0,0,0,0,0,0,1,5
17,Psychotria racemosa_1,1,2,2,0,0,0,0,0
18,Psychotria racemosa_2,0,0,0,0,0,2,7,10
19,Psychotria tenuifolia_1,7,5,4,1,0,0,0,0
20,Psychotria tenuifolia_2,0,0,0,0,0,2,0,0
21,Solanum circinatum_1,3,3,2,0,0,0,0,0
22,Solanum circinatum_2,0,0,0,0,0,3,4,22
23,Ternstroemia tepezapote,0,1,1,1,1,0,0,0
24,Trema micrantha,0,0,0,0,1,4,8,3
25,Trichospermum galeottii_1,6,4,2,1,2,1,0,0
26,Trichospermum galeottii_2,0,0,0,0,0,0,0,2
,,,,,,,,,
,Census year,1982,1985,1990,1995,2000,2005,2010,2015
,migrant species,-,5,2,1,4,5,1,2
,nr. of migrants,-,3,1,1,4,11,1,3
