species,freq
Abarema macradenia,2.69414696571698e-5
Acalypha diversifolia,0.010870883006668
Acalypha macrostachya,0.000713948945915
Adelia triloba,0.000781302620057924
Aegiphila panamensis,0.000296356166228868
Alchornea costaricensis,0.00129319054354415
Alchornea latifolia,0.0
Alibertia edulis,0.00102377584697245
Allophylus psilospermus,0.000794773354886509
Alseis blackiana,0.00789385060955075
Amaioua corymbosa,4.04122044857547e-5
Anacardium excelsum,0.000255943961743113
Anaxagorea panamensis,0.0120158954670977
Andira inermis inermis,6.73536741429245e-5
Annona acuminata,0.00662760153566377
Annona hayesii,0.0
Annona spraguei,0.000134707348285849
Apeiba membranacea,0.00130666127837274
Apeiba tibourbou,0.000309826901057453
Aphelandra sinclairiana,6.73536741429245e-5
Ardisia standleyana,0.000309826901057453
Aspidosperma spruceanum,0.000431063514514717
Astrocaryum standleyanum,0.00177813699737321
Astronium graveolens,0.000296356166228868
Attalea butyracea,0.000431063514514717
Bactris coloniata,0.000552300127971981
Bactris coloradonis,0.0
Bactris major major,0.000484946453829056
Beilschmiedia pendula,0.00140095642217283
Brosimum alicastrum bolivarense,0.00060618306728632
Calophyllum longifolium,0.000161648817943019
Capparis frondosa,0.0299319727891156
Casearia aculeata,0.00113154172560113
Casearia arborea,0.000404122044857547
Casearia commersoniana,5.38829393143396e-5
Casearia guianensis,9.42951438000943e-5
Casearia sylvestris sylvestris,0.000404122044857547
Cassipourea elliptica,0.00230349565568802
Cavanillesia platanifolia,0.000229002492085943
Cecropia insignis,0.00114501246042972
Cecropia obtusifolia,0.00220920051188792
Ceiba pentandra,0.000161648817943019
Celtis schippii,0.000377180575200377
Cespedesia spathulata,1.34707348285849e-5
Cestrum megalophyllum,0.00107765878628679
Chamaedorea tepejilote,4.04122044857547e-5
Chamguava schippii,0.00145483936148717
Chrysochlamys eclipes,0.00370445207786085
Chrysophyllum argenteum panamense,0.000202061022428773
Chrysophyllum cainito,0.000188590287600189
Cinnamomum triplinerve,9.42951438000943e-5
Clidemia octona,9.42951438000943e-5
Coccoloba coronata,0.000269414696571698
Coccoloba manzinellensis,0.000121236613457264
Conostegia bracteata,6.73536741429245e-5
Conostegia cinnamomea,0.00111807099077255
Cordia alliodora,0.000525358658314811
Cordia bicolor,0.00359668619923217
Cordia lasiocalyx,0.00238432006465953
Coussarea curvigemmia,0.0118542466491547
Croton billbergianus billbergianus,0.00293662019263151
Cupania cinerea,0.0
Cupania rufescens,2.69414696571698e-5
Cupania sylvatica,0.00323297635886038
Dendropanax arboreus,0.000269414696571698
Desmopsis panamensis,0.0462046204620462
Diospyros artanthifolia,0.000107765878628679
Dipteryx oleifera,0.000377180575200377
Drypetes standleyi,0.0016030174446016
Erythrina costaricensis,0.000552300127971981
Erythroxylum macrophyllum,0.000458004984171887
Erythroxylum panamense,0.00158954670977302
Eugenia coloradoensis,6.73536741429245e-5
Eugenia galalonensis,0.00218225904223075
Eugenia nesiotica,0.00063312453694349
Eugenia oerstediana,0.00060618306728632
Faramea occidentalis,0.13012729844413
Ficus costaricana,2.69414696571698e-5
Ficus insipida,0.0
Ficus maxima,4.04122044857547e-5
Ficus obtusifolia,8.08244089715094e-5
Ficus popenoei,2.69414696571698e-5
Ficus tonduzii,4.04122044857547e-5
Ficus trigonata,5.38829393143396e-5
Ficus yoponensis,5.38829393143396e-5
Garcinia intermedia,0.00222267124671651
Garcinia madruno,1.34707348285849e-5
Genipa americana,5.38829393143396e-5
Guapira standleyana,0.00068700747625783
Guarea grandifolia,9.42951438000943e-5
Guarea guidonia,0.00969892907658113
Guatteria dumetorum,0.000592712332457736
Guazuma ulmifolia,0.000390651310028962
Guettarda foliacea,0.000781302620057924
Gustavia superba,0.00779955546575066
Hamelia axillaris,0.00138748568734424
Hampea appendiculata,0.000565770862800566
Hasseltia floribunda,0.00242473226914528
Heisteria acuminata,0.00063312453694349
Heisteria concinna,0.00278844210951707
Herrania purpurea,0.00722031386812151
Hieronyma alchorneoides,0.000323297635886038
Hirtella americana,0.0
Hirtella triandra,0.0143732740621001
Hura crepitans,0.000956422172829528
Hybanthus prunifolius,0.361945174109248
Inga acuminata,0.00154913450528726
Inga goldmanii,5.38829393143396e-5
Inga marginata,0.000511887923486226
Inga nobilis quaternata,0.00203408095911632
Inga oerstediana,0.0
Inga punctata,1.34707348285849e-5
Inga ruiziana,1.34707348285849e-5
Inga sapindoides,0.000444534249343302
Inga spectabilis,8.08244089715094e-5
Inga umbellifera,0.000929480703172358
Jacaranda copaia spectabilis,0.00216878830740217
Koanophyllon wetmorei,0.0
Lacistema aggregatum,0.00207449316360207
Lacmellea panamensis,0.000552300127971981
Laetia procera,0.000107765878628679
Laetia thamnia,0.000727419680743585
Lafoensia punicifolia,1.34707348285849e-5
Licania hypoleuca,0.000229002492085943
Licania platypus,2.69414696571698e-5
Lindackeria laurina,0.000444534249343302
Lonchocarpus heptaphyllus,0.000242473226914528
Luehea seemannii,0.000538829393143396
Macrocnemum roseum,0.000431063514514717
Malpighia romeroana,0.000552300127971981
Maquira guianensis costaricana,0.00237084932983094
Marila laxiflora,6.73536741429245e-5
Maytenus schippii,0.000404122044857547
Miconia affinis,0.00195325655014481
Miconia argentea,0.000767831885229339
Miconia elata,0.0
Miconia hondurensis,0.000121236613457264
Miconia impetiolaris,0.000107765878628679
Miconia nervosa,0.00550953054489122
Mosannona garwoodii,0.00207449316360207
Mouriri myrtilloides parvifolia,0.0387283626321816
Myrcia gatunensis,0.000121236613457264
Nectandra lineata,0.000134707348285849
Nectandra purpurea,8.08244089715094e-5
Neea amplifolia,0.000727419680743585
Ochroma pyramidale,6.73536741429245e-5
Ocotea cernua,0.00141442715700141
Ocotea oblonga,0.000269414696571698
Ocotea puberula,0.000107765878628679
Ocotea whitei,0.00110460025594396
Oenocarpus mapora,0.0194652118273052
Ormosia macrocalyx,2.69414696571698e-5
Ouratea lucens,0.00274802990503132
Pachira sessilis,4.04122044857547e-5
Palicourea guianensis,0.0177948407085607
Pentagonia macrophylla,0.00259985182191689
Perebea xanthochyma,0.000727419680743585
Picramnia latifolia,0.00274802990503132
Piper aequale,0.000431063514514717
Piper arboreum,0.000175119552771604
Piper colonense,0.000107765878628679
Piper cordulatum,0.000916009968343773
Piper perlasense,0.000161648817943019
Piper reticulatum,0.000983363642486698
Platymiscium pinnatum polystachyum,0.000336768370714623
Platypodium elegans,0.000229002492085943
Posoqueria latifolia,0.000296356166228868
Poulsenia armata,0.000700478211086415
Pourouma bicolor,0.000188590287600189
Pouteria fossicola,2.69414696571698e-5
Pouteria reticulata reticulata,0.00127971980871557
Pouteria stipitata,0.000282885431400283
Prioria copaifera,0.00127971980871557
Protium costaricense,0.000431063514514717
Protium panamense,0.00199366875463057
Protium tenuifolium,0.00255943961743113
Pseudobombax septenatum,8.08244089715094e-5
Psidium friedrichsthalianum,5.38829393143396e-5
Psychotria acuminata,0.000269414696571698
Psychotria chagrensis,0.000296356166228868
Psychotria cyanococca,5.38829393143396e-5
Psychotria deflexa,0.000929480703172358
Psychotria graciliflora,0.000889068498686603
Psychotria grandis,0.000161648817943019
Psychotria horizontalis,0.0234660200713949
Psychotria limonensis,0.000781302620057924
Psychotria marginata,0.0124200175119553
Pterocarpus rohrii,1.34707348285849e-5
Quararibea asterolepis,0.00459352057654745
Quassia amara,0.000848656294200849
Randia armata,0.00621000875597764
Rinorea sylvatica,0.0157607597494443
Sapium glandulosum,5.38829393143396e-5
Senna dariensis dariensis,0.0033003300330033
Simarouba amara,0.000767831885229339
Siparuna pauciflora,0.0011584831952583
Sloanea terniflora,0.000121236613457264
Socratea exorrhiza,0.00444534249343302
Solanum hayesii,0.000902539233515188
Sorocea affinis,0.0171617161716172
Spachea membranacea,6.73536741429245e-5
Spondias mombin,0.000255943961743113
Spondias radlkoferi,0.000309826901057453
Stemmadenia grandiflora,0.0
Sterculia apetala apetala,0.000134707348285849
Stylogyne turbacensis,0.0016973125884017
Swartzia simplex continentalis,0.0141308008351856
Swartzia simplex grandiflora,0.00416245706203273
Symphonia globulifera,6.73536741429245e-5
Tabebuia guayacan,0.000229002492085943
Tabebuia rosea,0.000242473226914528
Tabernaemontana arborea,0.00203408095911632
Tachigali versicolor,0.000107765878628679
Talisia croatii,0.000229002492085943
Talisia nervosa,0.00585976965043443
Terminalia amazonia,0.000188590287600189
Terminalia oblonga,0.000377180575200377
Tetragastris panamensis,0.00154913450528726
Tetrathylacium johansenii,0.0
Theobroma cacao,0.000134707348285849
Thevetia ahouai,0.000848656294200849
Tocoyena pittieri,8.08244089715094e-5
Trattinnickia aspera,0.000175119552771604
Trichanthera gigantea,2.69414696571698e-5
Trichilia pallida,0.0018724321411733
Trichilia tuberculata,0.0040142789789183
Triplaris cumingiana,0.00060618306728632
Trophis caucana,0.00107765878628679
Trophis racemosa,0.000350239105543207
Turpinia occidentalis,0.000107765878628679
Unonopsis pittieri,0.00278844210951707
Virola multiflora,0.000148178083114434
Virola sebifera,0.00274802990503132
Virola surinamensis,0.00111807099077255
Vismia baccifera,0.000565770862800566
Vochysia ferruginea,8.08244089715094e-5
Xylopia macrantha,0.00351586179026066
Xylosma oligandra,0.000323297635886038
Zanthoxylum acuminatum,0.000134707348285849
Zanthoxylum ekmanii,0.000929480703172358
Zanthoxylum panamense,0.000269414696571698
Zanthoxylum setulosum,0.0
Zuelania guidonia,4.04122044857547e-5
